District,Sector,Top 1 Crop,Top 2 Crop,Top 3 Crop,Top 4 Crop,Top 5 Crop,,,,,
Nyarugenge,Gitega,Coffee,Avocado,Tea,Maize,Beans,,,,,
Nyarugenge,Kanyinya,Coffee,Tea,Watermelon,Maize,Beans,,,,,
Nyarugenge,Kigali,Avocado,Coffee,Tea,Maize,Beans,,,,,
Nyarugenge,Kimisagara,Coffee,Tea,Avocado,Maize,Beans,,,,,
Nyarugenge,Mageregere,Coffee,Tea,Watermelon,Maize,Beans,,,,,Avocado
Nyarugenge,Muhima,Coffee,Tea,Avocado,Maize,Beans,,,,,Coffee
Nyarugenge,Nyakabanda,Coffee,Tea,Avocado,Maize,Beans,,,,,Tea
Nyarugenge,Nyamirambo,Coffee,Tea,Avocado,Maize,Beans,,,,,Watermelon
Nyarugenge,Nyarugenge,Coffee,Tea,Avocado,Maize,Beans,,,,,Maize
Nyarugenge,Rwezamenyo,Coffee,Tea,Avocado,Maize,Beans,,,,,Beans
Gasabo,Bumbogo,Coffee,Tea,Watermelon,Maize,Beans,,,,,
Gasabo,Gatsata,Coffee,Avocado,Tea,Maize,Beans,,,,,
Gasabo,Gikomero,Coffee,Tea,Avocado,Maize,Beans,,,,,
Gasabo,Gisozi,Coffee,Tea,Avocado,Maize,Beans,,,,,
Gasabo,Jabana,Coffee,Tea,Avocado,Maize,Beans,,,,,
Gasabo,Jali,Coffee,Tea,Watermelon,Maize,Beans,,,,,
Gasabo,Kacyiru,Coffee,Tea,Avocado,Maize,Beans,,,,,
Gasabo,Kimihurura,Coffee,Tea,Avocado,Maize,Beans,,,,,
Gasabo,Kimironko,Coffee,Avocado,Tea,Maize,Beans,,,,,
Gasabo,Kinyinya,Coffee,Avocado,Tea,Maize,Beans,,,,,
Gasabo,Ndera,Avocado,Coffee,Tea,Maize,Beans,,,,,
Gasabo,Nduba,Coffee,Tea,Watermelon,Maize,Beans,,,,,
Gasabo,Remera,Coffee,Avocado,Tea,Maize,Beans,,,,,
Gasabo,Rusororo,Avocado,Coffee,Tea,Maize,Beans,,,,,
Gasabo,Rutunga,Coffee,Tea,Watermelon,Maize,Beans,,,,,
Kicukiro,Gahanga,Coffee,Tea,Avocado,Maize,Beans,,,,,
Kicukiro,Gatenga,Coffee,Tea,Watermelon,Maize,Beans,,,,,
Kicukiro,Gikondo,Coffee,Tea,Avocado,Maize,Beans,,,,,
Kicukiro,Kagarama,Coffee,Avocado,Tea,Maize,Beans,,,,,
Kicukiro,Kanombe,Coffee,Tea,Avocado,Maize,Beans,,,,,
Kicukiro,Kicukiro,Coffee,Tea,Avocado,Maize,Beans,,,,,
Kicukiro,Kigarama,Coffee,Tea,Avocado,Maize,Beans,,,,,
Kicukiro,Masaka,Coffee,Tea,Avocado,Maize,Beans,,,,,
Kicukiro,Niboye,Coffee,Tea,Avocado,Maize,Beans,,,,,
Kicukiro,Nyarugunga,Coffee,Tea,Avocado,Maize,Beans,,,,,
Nyanza,Busasamana,Coffee,Tea,Watermelon,Maize,Beans,,,,,
Nyanza,Busoro,Coffee,Avocado,Tea,Maize,Beans,,,,,
Nyanza,Cyabakamyi,Coffee,Tea,Watermelon,Maize,Beans,,,,,
Nyanza,Kibilizi,Coffee,Tea,Avocado,Maize,Beans,,,,,
Nyanza,Kigoma,Coffee,Tea,Avocado,Maize,Beans,,,,,
Nyanza,Mukingo,Coffee,Tea,Watermelon,Maize,Beans,,,,,
Nyanza,Muyira,Coffee,Tea,Avocado,Maize,Beans,,,,,
Nyanza,Ntyazo,Coffee,Tea,Avocado,Maize,Beans,,,,,
Nyanza,Nyagisozi,Coffee,Tea,Watermelon,Maize,Beans,,,,,
Nyanza,Rwabicuma,Coffee,Tea,Watermelon,Maize,Beans,,,,,
Gisagara,Gikonko,Coffee,Avocado,Tea,Maize,Beans,,,,,
Gisagara,Gishubi,Coffee,Avocado,Tea,Maize,Beans,,,,,
Gisagara,Kansi,Coffee,Tea,Avocado,Maize,Beans,,,,,
Gisagara,Kibirizi,Coffee,Tea,Avocado,Maize,Beans,,,,,
Gisagara,Kigembe,Coffee,Tea,Avocado,Maize,Beans,,,,,
Gisagara,Mamba,Coffee,Avocado,Tea,Maize,Beans,,,,,
Gisagara,Muganza,Coffee,Tea,Avocado,Maize,Beans,,,,,
Gisagara,Mugombwa,Coffee,Tea,Avocado,Maize,Beans,,,,,
Gisagara,Mukindo,Coffee,Tea,Avocado,Maize,Beans,,,,,
Gisagara,Musha,Coffee,Tea,Avocado,Maize,Beans,,,,,
Gisagara,Ndora,Coffee,Tea,Watermelon,Maize,Beans,,,,,
Gisagara,Nyanza,Coffee,Tea,Watermelon,Maize,Beans,,,,,
Gisagara,Save,Coffee,Tea,Watermelon,Maize,Beans,,,,,
Nyaruguru,Busanze,Coffee,Tea,Watermelon,Maize,Beans,,,,,
Nyaruguru,Cyahinda,Coffee,Tea,Watermelon,Maize,Beans,,,,,
Nyaruguru,Kibeho,Coffee,Tea,Watermelon,Maize,Beans,,,,,
Nyaruguru,Mata,Coffee,Tea,Watermelon,Maize,Beans,,,,,
Nyaruguru,Muganza,Coffee,Tea,Watermelon,Maize,Beans,,,,,
Nyaruguru,Munini,Coffee,Tea,Watermelon,Maize,Beans,,,,,
Nyaruguru,Ngera,Coffee,Tea,Avocado,Maize,Beans,,,,,
Nyaruguru,Ngoma,Coffee,Tea,Watermelon,Maize,Beans,,,,,
Nyaruguru,Nyabimata,Coffee,Tea,Watermelon,Maize,Beans,,,,,
Nyaruguru,Nyagisozi,Coffee,Tea,Watermelon,Maize,Beans,,,,,
Nyaruguru,Ruheru,Coffee,Tea,Watermelon,Maize,Beans,,,,,
Nyaruguru,Ruramba,Coffee,Tea,Watermelon,Maize,Beans,,,,,
Nyaruguru,Rusenge,Coffee,Tea,Watermelon,Maize,Beans,,,,,
Huye,Gishamvu,Coffee,Tea,Watermelon,Maize,Beans,,,,,
Huye,Huye,Coffee,Tea,Watermelon,Maize,Beans,,,,,
Huye,Karama,Coffee,Tea,Watermelon,Maize,Beans,,,,,
Huye,Kigoma,Coffee,Tea,Watermelon,Maize,Beans,,,,,
Huye,Kinazi,Coffee,Tea,Avocado,Maize,Beans,,,,,
Huye,Maraba,Coffee,Tea,Watermelon,Maize,Beans,,,,,
Huye,Mbazi,Coffee,Tea,Watermelon,Maize,Beans,,,,,
Huye,Mukura,Coffee,Tea,Avocado,Maize,Beans,,,,,
Huye,Ngoma,Coffee,Tea,Watermelon,Maize,Beans,,,,,
Huye,Ruhashya,Coffee,Tea,Avocado,Maize,Beans,,,,,
Huye,Rusatira,Coffee,Tea,Watermelon,Maize,Beans,,,,,
Huye,Rwaniro,Coffee,Tea,Watermelon,Maize,Beans,,,,,
Huye,Simbi,Coffee,Tea,Watermelon,Maize,Beans,,,,,
Huye,Tumba,Coffee,Tea,Watermelon,Maize,Beans,,,,,
Nyamagabe,Buruhukiro,Coffee,Tea,Watermelon,Maize,Beans,,,,,
Nyamagabe,Cyanika,Coffee,Tea,Watermelon,Maize,Beans,,,,,
Nyamagabe,Gasaka,Coffee,Tea,Watermelon,Maize,Beans,,,,,
Nyamagabe,Gatare,Coffee,Tea,Watermelon,Maize,Beans,,,,,
Nyamagabe,Kaduha,Coffee,Tea,Watermelon,Maize,Beans,,,,,
Nyamagabe,Kamegeri,Coffee,Tea,Watermelon,Maize,Beans,,,,,
Nyamagabe,Kibirizi,Coffee,Tea,Watermelon,Maize,Beans,,,,,
Nyamagabe,Kibumbwe,Coffee,Tea,Watermelon,Maize,Beans,,,,,
Nyamagabe,Kitabi,Coffee,Tea,Watermelon,Maize,Beans,,,,,
Nyamagabe,Mbazi,Coffee,Tea,Watermelon,Maize,Beans,,,,,
Nyamagabe,Mugano,Coffee,Tea,Watermelon,Maize,Beans,,,,,
Nyamagabe,Musange,Coffee,Tea,Watermelon,Maize,Beans,,,,,
Nyamagabe,Musebeya,Coffee,Tea,Watermelon,Maize,Beans,,,,,
Nyamagabe,Mushubi,Coffee,Tea,Watermelon,Maize,Beans,,,,,
Nyamagabe,Tare,Coffee,Tea,Watermelon,Maize,Beans,,,,,
Nyamagabe,Uwinkingi,Coffee,Tea,Watermelon,Maize,Beans,,,,,
Ruhango,Bweramana,Coffee,Tea,Watermelon,Maize,Beans,,,,,
Ruhango,Byimana,Coffee,Tea,Watermelon,Maize,Beans,,,,,
Ruhango,Kabagali,Coffee,Tea,Watermelon,Maize,Beans,,,,,
Ruhango,Kinazi,Coffee,Avocado,Tea,Maize,Beans,,,,,
Ruhango,Kinihira,Coffee,Tea,Watermelon,Maize,Beans,,,,,
Ruhango,Mbuye,Coffee,Tea,Avocado,Maize,Beans,,,,,
Ruhango,Mwendo,Coffee,Tea,Watermelon,Maize,Beans,,,,,
Ruhango,Ntongwe,Coffee,Tea,Avocado,Maize,Beans,,,,,
Ruhango,Ruhango,Coffee,Tea,Watermelon,Maize,Beans,,,,,
Muhanga,Cyeza,Coffee,Tea,Watermelon,Maize,Beans,,,,,
Muhanga,Kabacuzi,Coffee,Tea,Avocado,Maize,Beans,,,,,
Muhanga,Kibangu,Coffee,Tea,Avocado,Maize,Beans,,,,,
Muhanga,Kiyumba,Coffee,Tea,Watermelon,Maize,Beans,,,,,
Muhanga,Muhanga,Coffee,Tea,Watermelon,Maize,Beans,,,,,
Muhanga,Mushishiro,Coffee,Tea,Watermelon,Maize,Beans,,,,,
Muhanga,Nyabinoni,Coffee,Tea,Watermelon,Maize,Beans,,,,,
Muhanga,Nyamabuye,Coffee,Tea,Watermelon,Maize,Beans,,,,,
Muhanga,Nyarusange,Coffee,Tea,Watermelon,Maize,Beans,,,,,
Muhanga,Rongi,Coffee,Tea,Watermelon,Maize,Beans,,,,,
Muhanga,Rugendabari,Coffee,Tea,Watermelon,Maize,Beans,,,,,
Muhanga,Shyogwe,Coffee,Tea,Watermelon,Maize,Beans,,,,,
Kamonyi,Gacurabwenge,Coffee,Tea,Watermelon,Maize,Beans,,,,,
Kamonyi,Karama,Coffee,Tea,Avocado,Maize,Beans,,,,,
Kamonyi,Kayenzi,Coffee,Tea,Watermelon,Maize,Beans,,,,,
Kamonyi,Kayumbu,Coffee,Tea,Avocado,Maize,Beans,,,,,
Kamonyi,Mugina,Coffee,Avocado,Tea,Maize,Beans,,,,,
Kamonyi,Musambira,Coffee,Tea,Avocado,Maize,Beans,,,,,
Kamonyi,Ngamba,Coffee,Tea,Avocado,Maize,Beans,,,,,
Kamonyi,Nyamiyaga,Coffee,Tea,Avocado,Maize,Beans,,,,,
Kamonyi,Nyarubaka,Coffee,Tea,Watermelon,Maize,Beans,,,,,
Kamonyi,Rugarika,Coffee,Tea,Avocado,Maize,Beans,,,,,
Kamonyi,Rukoma,Coffee,Tea,Watermelon,Maize,Beans,,,,,
Kamonyi,Runda,Coffee,Tea,Avocado,Maize,Beans,,,,,
Karongi,Bwishyura,Coffee,Tea,Avocado,Maize,Beans,,,,,
Karongi,Gashari,Coffee,Tea,Watermelon,Maize,Beans,,,,,
Karongi,Gitesi,Coffee,Tea,Watermelon,Maize,Beans,,,,,
Karongi,Mubuga,Coffee,Tea,Avocado,Maize,Beans,,,,,
Karongi,Murambi,Coffee,Tea,Watermelon,Maize,Beans,,,,,
Karongi,Murundi,Coffee,Tea,Watermelon,Maize,Beans,,,,,
Karongi,Mutuntu,Coffee,Tea,Watermelon,Maize,Beans,,,,,
Karongi,Rubengera,Coffee,Tea,Watermelon,Maize,Beans,,,,,
Karongi,Rugabano,Coffee,Tea,Watermelon,Maize,Beans,,,,,
Karongi,Ruganda,Coffee,Tea,Watermelon,Maize,Beans,,,,,
Karongi,Rwankuba,Coffee,Tea,Watermelon,Maize,Beans,,,,,
Karongi,Twumba,Coffee,Tea,Watermelon,Maize,Beans,,,,,
Rutsiro,Gihango,Coffee,Tea,Watermelon,Maize,Beans,,,,,
Rutsiro,Manihira,Coffee,Tea,Watermelon,Maize,Beans,,,,,
Rutsiro,Mukura,Coffee,Tea,Watermelon,Maize,Beans,,,,,
Rutsiro,Murunda,Coffee,Tea,Watermelon,Maize,Beans,,,,,
Rutsiro,Mushonyi,Coffee,Tea,Watermelon,Maize,Beans,,,,,
Rutsiro,Mushubati,Coffee,Tea,Watermelon,Maize,Beans,,,,,
Rutsiro,Nyabirasi,Coffee,Tea,Watermelon,Maize,Beans,,,,,
Rutsiro,Ruhango,Coffee,Tea,Watermelon,Maize,Beans,,,,,
Rutsiro,Rusebeya,Coffee,Tea,Watermelon,Maize,Beans,,,,,
Rubavu,Bugeshi,Coffee,Tea,Watermelon,Maize,Beans,,,,,
Rubavu,Busasamana,Coffee,Tea,Watermelon,Maize,Beans,,,,,
Rubavu,Cyanzarwe,Coffee,Tea,Watermelon,Maize,Beans,,,,,
Rubavu,Gisenyi,Coffee,Tea,Avocado,Maize,Beans,,,,,
Rubavu,Kanama,Coffee,Tea,Watermelon,Maize,Beans,,,,,
Rubavu,Kanzenze,Coffee,Tea,Watermelon,Maize,Beans,,,,,
Rubavu,Mudende,Coffee,Tea,Watermelon,Maize,Beans,,,,,
Rubavu,Nyakiriba,Coffee,Tea,Watermelon,Maize,Beans,,,,,
Rubavu,Nyundo,Coffee,Tea,Watermelon,Maize,Beans,,,,,
Rubavu,Rubavu,Coffee,Tea,Watermelon,Maize,Beans,,,,,
Rubavu,Rugerero,Coffee,Tea,Watermelon,Maize,Beans,,,,,
Nyabihu,Bigogwe,Coffee,Tea,Watermelon,Maize,Beans,,,,,
Nyabihu,Jenda,Coffee,Tea,Watermelon,Maize,Beans,,,,,
Nyabihu,Jomba,Coffee,Tea,Watermelon,Maize,Beans,,,,,
Nyabihu,Kabatwa,Coffee,Tea,Watermelon,Maize,Beans,,,,,
Nyabihu,Karago,Coffee,Tea,Watermelon,Maize,Beans,,,,,
Nyabihu,Kintobo,Coffee,Tea,Watermelon,Maize,Beans,,,,,
Nyabihu,Mukamira,Coffee,Tea,Watermelon,Maize,Beans,,,,,
Nyabihu,Muringa,Coffee,Tea,Watermelon,Maize,Beans,,,,,
Nyabihu,Rambura,Coffee,Tea,Watermelon,Maize,Beans,,,,,
Nyabihu,Rugera,Coffee,Tea,Watermelon,Maize,Beans,,,,,
Nyabihu,Rurembo,Coffee,Tea,Watermelon,Maize,Beans,,,,,
Nyabihu,Shyira,Coffee,Tea,Watermelon,Maize,Beans,,,,,
Ngororero,Bwira,Coffee,Tea,Watermelon,Maize,Beans,,,,,
Ngororero,Gatumba,Coffee,Tea,Watermelon,Maize,Beans,,,,,
Ngororero,Hindiro,Coffee,Tea,Watermelon,Maize,Beans,,,,,
Ngororero,Kabaya,Coffee,Tea,Watermelon,Maize,Beans,,,,,
Ngororero,Kageyo,Coffee,Tea,Watermelon,Maize,Beans,,,,,
Ngororero,Kavumu,Coffee,Tea,Watermelon,Maize,Beans,,,,,
Ngororero,Matyazo,Coffee,Tea,Watermelon,Maize,Beans,,,,,
Ngororero,Muhanda,Coffee,Tea,Watermelon,Maize,Beans,,,,,
Ngororero,Muhororo,Coffee,Tea,Watermelon,Maize,Beans,,,,,
Ngororero,Ndaro,Coffee,Tea,Watermelon,Maize,Beans,,,,,
Ngororero,Ngororero,Coffee,Tea,Watermelon,Maize,Beans,,,,,
Ngororero,Nyange,Coffee,Tea,Watermelon,Maize,Beans,,,,,
Ngororero,Sovu,Coffee,Tea,Watermelon,Maize,Beans,,,,,
Rusizi,Bugarama,Coffee,Tea,Watermelon,Maize,Beans,,,,,
Rusizi,Gashonga,Coffee,Tea,Watermelon,Maize,Beans,,,,,
Rusizi,Giheke,Coffee,Tea,Watermelon,Maize,Beans,,,,,
Rusizi,Gihundwe,Coffee,Tea,Avocado,Maize,Beans,,,,,
Rusizi,Gikundamvura,Coffee,Tea,Avocado,Maize,Beans,,,,,
Rusizi,Gitambi,Coffee,Tea,Avocado,Maize,Beans,,,,,
Rusizi,Kamembe,Coffee,Tea,Watermelon,Maize,Beans,,,,,
Rusizi,Muganza,Coffee,Tea,Watermelon,Maize,Beans,,,,,
Rusizi,Mururu,Coffee,Tea,Avocado,Maize,Beans,,,,,
Rusizi,Nkanka,Coffee,Tea,Avocado,Maize,Beans,,,,,
Rusizi,Nkombo,Coffee,Tea,Avocado,Maize,Beans,,,,,
Rusizi,Nkungu,Coffee,Tea,Watermelon,Maize,Beans,,,,,
Rusizi,Nyakabuye,Coffee,Tea,Avocado,Maize,Beans,,,,,
Rusizi,Nyakarenzo,Coffee,Tea,Watermelon,Maize,Beans,,,,,
Rusizi,Nzahaha,Coffee,Tea,Avocado,Maize,Beans,,,,,
Nyamasheke,Bushekeri,Coffee,Tea,Watermelon,Maize,Beans,,,,,
Nyamasheke,Bushenge,Coffee,Tea,Watermelon,Maize,Beans,,,,,
Nyamasheke,Cyato,Coffee,Tea,Watermelon,Maize,Beans,,,,,
Nyamasheke,Gihombo,Coffee,Tea,Watermelon,Maize,Beans,,,,,
Nyamasheke,Kagano,Coffee,Tea,Avocado,Maize,Beans,,,,,
Nyamasheke,Kanjongo,Coffee,Tea,Watermelon,Maize,Beans,,,,,
Nyamasheke,Karambi,Coffee,Tea,Watermelon,Maize,Beans,,,,,
Nyamasheke,Karengera,Coffee,Tea,Avocado,Maize,Beans,,,,,
Nyamasheke,Kirimbi,Coffee,Tea,Avocado,Maize,Beans,,,,,
Nyamasheke,Macuba,Coffee,Tea,Avocado,Maize,Beans,,,,,
Nyamasheke,Mahembe,Coffee,Tea,Watermelon,Maize,Beans,,,,,
Nyamasheke,Nyabitekeri,Coffee,Tea,Avocado,Maize,Beans,,,,,
Nyamasheke,Ruharambuga,Coffee,Tea,Avocado,Maize,Beans,,,,,
Nyamasheke,Shangi,Coffee,Tea,Avocado,Maize,Beans,,,,,
Rulindo,Base,Coffee,Tea,Watermelon,Maize,Beans,,,,,
Rulindo,Burega,Coffee,Tea,Watermelon,Maize,Beans,,,,,
Rulindo,Bushoki,Coffee,Tea,Watermelon,Maize,Beans,,,,,
Rulindo,Buyoga,Coffee,Tea,Watermelon,Maize,Beans,,,,,
Rulindo,Cyinzuzi,Coffee,Tea,Watermelon,Maize,Beans,,,,,
Rulindo,Cyungo,Coffee,Tea,Watermelon,Maize,Beans,,,,,
Rulindo,Kinihira,Coffee,Tea,Watermelon,Maize,Beans,,,,,
Rulindo,Kisaro,Coffee,Tea,Watermelon,Maize,Beans,,,,,
Rulindo,Masoro,Coffee,Tea,Avocado,Maize,Beans,,,,,
Rulindo,Mbogo,Coffee,Tea,Watermelon,Maize,Beans,,,,,
Rulindo,Murambi,Coffee,Tea,Avocado,Maize,Beans,,,,,
Rulindo,Ngoma,Coffee,Tea,Watermelon,Maize,Beans,,,,,
Rulindo,Ntarabana,Coffee,Tea,Watermelon,Maize,Beans,,,,,
Rulindo,Rukozo,Coffee,Tea,Watermelon,Maize,Beans,,,,,
Rulindo,Rusiga,Coffee,Tea,Watermelon,Maize,Beans,,,,,
Rulindo,Shyrongi,Coffee,Tea,Avocado,Maize,Beans,,,,,
Rulindo,Tumba,Coffee,Tea,Watermelon,Maize,Beans,,,,,
Gakenke,Busengo,Coffee,Tea,Watermelon,Maize,Beans,,,,,
Gakenke,Coko,Coffee,Tea,Watermelon,Maize,Beans,,,,,
Gakenke,Cyabingo,Coffee,Tea,Watermelon,Maize,Beans,,,,,
Gakenke,Gakenke,Coffee,Tea,Watermelon,Maize,Beans,,,,,
Gakenke,Gashenyi,Coffee,Tea,Watermelon,Maize,Beans,,,,,
Gakenke,Janja,Coffee,Tea,Watermelon,Maize,Beans,,,,,
Gakenke,Karambo,Coffee,Tea,Watermelon,Maize,Beans,,,,,
Gakenke,Kivuruga,Coffee,Tea,Watermelon,Maize,Beans,,,,,
Gakenke,Mataba,Coffee,Tea,Watermelon,Maize,Beans,,,,,
Gakenke,Minazi,Coffee,Tea,Watermelon,Maize,Beans,,,,,
Gakenke,Mugunga,Coffee,Tea,Avocado,Maize,Beans,,,,,
Gakenke,Muhondo,Coffee,Tea,Watermelon,Maize,Beans,,,,,
Gakenke,Muyongwe,Coffee,Tea,Watermelon,Maize,Beans,,,,,
Gakenke,Muzo,Coffee,Tea,Watermelon,Maize,Beans,,,,,
Gakenke,Nemba,Coffee,Tea,Watermelon,Maize,Beans,,,,,
Gakenke,Ruli,Coffee,Tea,Watermelon,Maize,Beans,,,,,
Gakenke,Rusasa,Coffee,Tea,Avocado,Maize,Beans,,,,,
Gakenke,Rushashi,Coffee,Tea,Watermelon,Maize,Beans,,,,,
Musanze,Busogo,Coffee,Tea,Watermelon,Maize,Beans,,,,,
Musanze,Cyuve,Coffee,Tea,Watermelon,Maize,Beans,,,,,
Musanze,Gacaca,Coffee,Tea,Watermelon,Maize,Beans,,,,,
Musanze,Gashaki,Coffee,Tea,Watermelon,Maize,Beans,,,,,
Musanze,Kimonyi,Coffee,Tea,Watermelon,Maize,Beans,,,,,
Musanze,Kinigi,Coffee,Tea,Watermelon,Maize,Beans,,,,,
Musanze,Muhoza,Coffee,Tea,Watermelon,Maize,Beans,,,,,
Musanze,Muko,Coffee,Tea,Watermelon,Maize,Beans,,,,,
Musanze,Musanze,Coffee,Tea,Watermelon,Maize,Beans,,,,,
Musanze,Nkotsi,Coffee,Tea,Watermelon,Maize,Beans,,,,,
Musanze,Nyange,Coffee,Tea,Watermelon,Maize,Beans,,,,,
Musanze,Remera,Coffee,Tea,Watermelon,Maize,Beans,,,,,
Musanze,Rwaza,Coffee,Tea,Watermelon,Maize,Beans,,,,,
Burera,Bungwe,Coffee,Tea,Watermelon,Maize,Beans,,,,,
Burera,Butaro,Coffee,Tea,Watermelon,Maize,Beans,,,,,
Burera,Cyanika,Coffee,Tea,Watermelon,Maize,Beans,,,,,
Burera,Cyeru,Coffee,Tea,Watermelon,Maize,Beans,,,,,
Burera,Gahunga,Coffee,Tea,Watermelon,Maize,Beans,,,,,
Burera,Gatebe,Coffee,Tea,Watermelon,Maize,Beans,,,,,
Burera,Gitovu,Coffee,Tea,Watermelon,Maize,Beans,,,,,
Burera,Kagogo,Coffee,Tea,Watermelon,Maize,Beans,,,,,
Burera,Kinoni,Coffee,Tea,Watermelon,Maize,Beans,,,,,
Burera,Kinyababa,Coffee,Tea,Watermelon,Maize,Beans,,,,,
Burera,Kivuye,Coffee,Tea,Watermelon,Maize,Beans,,,,,
Burera,Nemba,Coffee,Tea,Watermelon,Maize,Beans,,,,,
Burera,Rugarama,Coffee,Tea,Watermelon,Maize,Beans,,,,,
Burera,Rugengabari,Coffee,Tea,Watermelon,Maize,Beans,,,,,
Burera,Ruhunde,Coffee,Tea,Watermelon,Maize,Beans,,,,,
Burera,Rusarabuye,Coffee,Tea,Watermelon,Maize,Beans,,,,,
Burera,Rwerere,Coffee,Tea,Watermelon,Maize,Beans,,,,,
Gicumbi,Bukure,Coffee,Tea,Watermelon,Maize,Beans,,,,,
Gicumbi,Bwisige,Coffee,Tea,Watermelon,Maize,Beans,,,,,
Gicumbi,Byumba,Coffee,Tea,Watermelon,Maize,Beans,,,,,
Gicumbi,Cyumba,Coffee,Tea,Watermelon,Maize,Beans,,,,,
Gicumbi,Giti,Coffee,Tea,Watermelon,Maize,Beans,,,,,
Gicumbi,Kageyo,Coffee,Tea,Watermelon,Maize,Beans,,,,,
Gicumbi,Kaniga,Coffee,Tea,Watermelon,Maize,Beans,,,,,
Gicumbi,Manyagiro,Coffee,Tea,Watermelon,Maize,Beans,,,,,
Gicumbi,Miyove,Coffee,Tea,Watermelon,Maize,Beans,,,,,
Gicumbi,Mukarange,Coffee,Tea,Watermelon,Maize,Beans,,,,,
Gicumbi,Muko,Coffee,Tea,Avocado,Maize,Beans,,,,,
Gicumbi,Mutete,Coffee,Tea,Watermelon,Maize,Beans,,,,,
Gicumbi,Nyamiyaga,Coffee,Tea,Watermelon,Maize,Beans,,,,,
Gicumbi,Nyankenke,Coffee,Tea,Watermelon,Maize,Beans,,,,,
Gicumbi,Rubaya,Coffee,Tea,Watermelon,Maize,Beans,,,,,
Gicumbi,Rukomo,Coffee,Tea,Watermelon,Maize,Beans,,,,,
Gicumbi,Rushaki,Coffee,Tea,Watermelon,Maize,Beans,,,,,
Gicumbi,Rutare,Coffee,Tea,Watermelon,Maize,Beans,,,,,
Gicumbi,Ruvune,Coffee,Tea,Watermelon,Maize,Beans,,,,,
Gicumbi,Rwamiko,Coffee,Tea,Watermelon,Maize,Beans,,,,,
Gicumbi,Shangasha,Coffee,Tea,Watermelon,Maize,Beans,,,,,
Rwamagana,Fumbwe,Coffee,Tea,Watermelon,Maize,Beans,,,,,
Rwamagana,Gahengeri,Coffee,Tea,Avocado,Maize,Beans,,,,,
Rwamagana,Gishali,Coffee,Tea,Avocado,Maize,Beans,,,,,
Rwamagana,Karenge,Coffee,Tea,Avocado,Maize,Beans,,,,,
Rwamagana,Kigabiro,Coffee,Avocado,Tea,Maize,Beans,,,,,
Rwamagana,Muhazi,Coffee,Tea,Avocado,Maize,Beans,,,,,
Rwamagana,Munyaga,Coffee,Avocado,Tea,Maize,Beans,,,,,
Rwamagana,Munyiginya,Coffee,Avocado,Tea,Maize,Beans,,,,,
Rwamagana,Musha,Coffee,Tea,Avocado,Maize,Beans,,,,,
Rwamagana,Muyumbu,Coffee,Tea,Avocado,Maize,Beans,,,,,
Rwamagana,Mwulire,Coffee,Avocado,Tea,Maize,Beans,,,,,
Rwamagana,Nyakaliro,Coffee,Avocado,Tea,Maize,Beans,,,,,
Rwamagana,Nzige,Coffee,Tea,Avocado,Maize,Beans,,,,,
Rwamagana,Rubona,Coffee,Tea,Avocado,Maize,Beans,,,,,
Nyagatare,Gatunda,Coffee,Tea,Avocado,Maize,Beans,,,,,
Nyagatare,Karama,Coffee,Avocado,Tea,Maize,Beans,,,,,
Nyagatare,Karangazi,Coffee,Avocado,Tea,Maize,Beans,,,,,
Nyagatare,Katabagemu,Coffee,Avocado,Tea,Maize,Beans,,,,,
Nyagatare,Kiyombe,Coffee,Tea,Watermelon,Maize,Beans,,,,,
Nyagatare,Matimba,Coffee,Tea,Avocado,Maize,Beans,,,,,
Nyagatare,Mimuri,Coffee,Avocado,Tea,Maize,Beans,,,,,
Nyagatare,Mukama,Coffee,Tea,Avocado,Maize,Beans,,,,,
Nyagatare,Musheri,Coffee,Avocado,Tea,Maize,Beans,,,,,
Nyagatare,Nyagatare,Coffee,Avocado,Tea,Maize,Beans,,,,,
Nyagatare,Rukomo,Coffee,Avocado,Tea,Maize,Beans,,,,,
Nyagatare,Rwempasha,Coffee,Avocado,Tea,Maize,Beans,,,,,
Nyagatare,Rwimiyaga,Coffee,Avocado,Tea,Maize,Beans,,,,,
Nyagatare,Tabagwe,Coffee,Avocado,Tea,Maize,Beans,,,,,
Gatsibo,Gasange,Coffee,Tea,Watermelon,Maize,Beans,,,,,
Gatsibo,Gatsibo,Coffee,Tea,Avocado,Maize,Beans,,,,,
Gatsibo,Gitoki,Coffee,Avocado,Tea,Maize,Beans,,,,,
Gatsibo,Kabarore,Coffee,Tea,Avocado,Maize,Beans,,,,,
Gatsibo,Kageyo,Coffee,Tea,Watermelon,Maize,Beans,,,,,
Gatsibo,Kiramuruzi,Coffee,Tea,Avocado,Maize,Beans,,,,,
Gatsibo,Kiziguro,Coffee,Tea,Avocado,Maize,Beans,,,,,
Gatsibo,Muhura,Coffee,Tea,Watermelon,Maize,Beans,,,,,
Gatsibo,Murambi,Coffee,Tea,Avocado,Maize,Beans,,,,,
Gatsibo,Ngarama,Coffee,Tea,Avocado,Maize,Beans,,,,,
Gatsibo,Nyagihanga,Coffee,Tea,Watermelon,Maize,Beans,,,,,
Gatsibo,Remera,Coffee,Tea,Watermelon,Maize,Beans,,,,,
Gatsibo,Rugarama,Coffee,Tea,Avocado,Maize,Beans,,,,,
Gatsibo,Rwimbogo,Coffee,Tea,Avocado,Maize,Beans,,,,,
Kayonza,Gahini,Coffee,Tea,Avocado,Maize,Beans,,,,,
Kayonza,Kabare,Coffee,Tea,Avocado,Maize,Beans,,,,,
Kayonza,Kabarondo,Coffee,Tea,Avocado,Maize,Beans,,,,,
Kayonza,Mukarange,Coffee,Tea,Avocado,Maize,Beans,,,,,
Kayonza,Murama,Coffee,Tea,Watermelon,Maize,Beans,,,,,
Kayonza,Murundi,Coffee,Tea,Avocado,Maize,Beans,,,,,
Kayonza,Ndego,Coffee,Avocado,Tea,Maize,Beans,,,,,
Kayonza,Nyamirama,Coffee,Tea,Avocado,Maize,Beans,,,,,
Kayonza,Rukara,Coffee,Tea,Avocado,Maize,Beans,,,,,
Kayonza,Ruramira,Coffee,Tea,Avocado,Maize,Beans,,,,,
Kayonza,Rwinkwavu,Avocado,Coffee,Tea,Maize,Beans,,,,,
Kirehe,Gahara,Coffee,Avocado,Tea,Maize,Beans,,,,,
Kirehe,Gatore,Coffee,Avocado,Tea,Maize,Beans,,,,,
Kirehe,Kigarama,Coffee,Avocado,Tea,Maize,Beans,,,,,
Kirehe,Kigina,Coffee,Tea,Avocado,Maize,Beans,,,,,
Kirehe,Kirehe,Coffee,Tea,Avocado,Maize,Beans,,,,,
Kirehe,Mahama,Coffee,Tea,Avocado,Maize,Beans,,,,,
Kirehe,Mpanga,Coffee,Tea,Avocado,Maize,Beans,,,,,
Kirehe,Musaza,Coffee,Tea,Avocado,Maize,Beans,,,,,
Kirehe,Mushikiri,Coffee,Tea,Avocado,Maize,Beans,,,,,
Kirehe,Nasho,Coffee,Tea,Avocado,Maize,Beans,,,,,
Kirehe,Nyamugari,Coffee,Tea,Avocado,Maize,Beans,,,,,
Kirehe,Nyarubuye,Coffee,Tea,Avocado,Maize,Beans,,,,,
Ngoma,Gashanda,Coffee,Tea,Avocado,Maize,Beans,,,,,
Ngoma,Jarama,Coffee,Avocado,Tea,Maize,Beans,,,,,
Ngoma,Karembo,Coffee,Tea,Avocado,Maize,Beans,,,,,
Ngoma,Kazo,Coffee,Tea,Avocado,Maize,Beans,,,,,
Ngoma,Kibungo,Coffee,Tea,Avocado,Maize,Beans,,,,,
Ngoma,Mugesera,Coffee,Avocado,Tea,Maize,Beans,,,,,
Ngoma,Murama,Coffee,Avocado,Tea,Maize,Beans,,,,,
Ngoma,Mutenderi,Coffee,Avocado,Tea,Maize,Beans,,,,,
Ngoma,Remera,Coffee,Tea,Avocado,Maize,Beans,,,,,
Ngoma,Rukira,Coffee,Tea,Avocado,Maize,Beans,,,,,
Ngoma,Rukumberi,Coffee,Tea,Avocado,Maize,Beans,,,,,
Ngoma,Rurenge,Coffee,Tea,Avocado,Maize,Beans,,,,,
Ngoma,Sake,Coffee,Avocado,Tea,Maize,Beans,,,,,
Ngoma,Zaza,Coffee,Avocado,Tea,Maize,Beans,,,,,
Bugesera,Gashora,Coffee,Tea,Avocado,Maize,Beans,,,,,
Bugesera,Juru,Coffee,Tea,Avocado,Maize,Beans,,,,,
Bugesera,Kamabuye,Coffee,Avocado,Tea,Maize,Beans,,,,,
Bugesera,Mareba,Coffee,Avocado,Tea,Maize,Beans,,,,,
Bugesera,Mayange,Coffee,Avocado,Tea,Maize,Beans,,,,,
Bugesera,Musenyi,Coffee,Avocado,Tea,Maize,Beans,,,,,
Bugesera,Mwogo,Coffee,Avocado,Tea,Maize,Beans,,,,,
Bugesera,Ngeruka,Coffee,Tea,Avocado,Maize,Beans,,,,,
Bugesera,Ntarama,Coffee,Avocado,Tea,Maize,Beans,,,,,
Bugesera,Nyamata,Coffee,Avocado,Tea,Maize,Beans,,,,,
Bugesera,Nyarugenge,Coffee,Avocado,Tea,Maize,Beans,,,,,
Bugesera,Rilima,Coffee,Avocado,Tea,Maize,Beans,,,,,
Bugesera,Ruhuha,Coffee,Avocado,Tea,Maize,Beans,,,,,
Bugesera,Rweru,Coffee,Tea,Avocado,Maize,Beans,,,,,
Bugesera,Shyara,Coffee,Tea,Avocado,Maize,Beans,,,,,
