District,Sector,Top 1 Crop,Top 2 Crop,Top 3 Crop,Top 4 Crop,Top 5 Crop
Nyarugenge,Gitega,Coffee,Tomato,Spinach,Avocado,Potato
Nyarugenge,Kanyinya,Coffee,Spinach,Tomato,Avocado,Potato
Nyarugenge,Kigali,Tomato,Avocado,Coffee,Spinach,Mango
Nyarugenge,Kimisagara,Coffee,Tomato,Spinach,Avocado,Potato
Nyarugenge,Mageregere,Coffee,Tomato,Spinach,Avocado,Mango
Nyarugenge,Muhima,Tomato,Spinach,Mango,Cabbage,Tea
Nyarugenge,Nyakabanda,Tomato,Spinach,Mango,Avocado,Coffee
Nyarugenge,Nyamirambo,Tomato,Spinach,Avocado,Mango,Cabbage
Nyarugenge,Nyarugenge,Tomato,Spinach,Avocado,Mango,Watermelon
Nyarugenge,Rwezamenyo,Tomato,Spinach,Avocado,Mango,Bell peppers
Gasabo,Bumbogo,Spinach,Tomato,Avocado,Mango,Cabbage
Gasabo,Gatsata,Tomato,Spinach,Mango,Cabbage,Tea
Gasabo,Gikomero,Tomato,Spinach,Mango,Cabbage,Tea
Gasabo,Gisozi,Tomato,Spinach,Mango,Cabbage,Tea
Gasabo,Jabana,Tomato,Spinach,Mango,Cabbage,Tea
Gasabo,Jali,Spinach,Tomato,Mango,Tea,Cabbage
Gasabo,Kacyiru,Tomato,Spinach,Coffee,Mango,Avocado
Gasabo,Kimihurura,Coffee,Tomato,Avocado,Spinach,Mango
Gasabo,Kimironko,Coffee,Tomato,Avocado,Spinach,Mango
Gasabo,Kinyinya,Tomato,Spinach,Avocado,Mango,Cabbage
Gasabo,Ndera,Avocado,Tomato,Spinach,Mango,Cabbage
Gasabo,Nduba,Coffee,Tomato,Avocado,Mango,Potato
Gasabo,Remera,Tomato,Mango,Spinach,Cabbage,Tea
Gasabo,Rusororo,Tomato,Avocado,Spinach,Mango,Cabbage
Gasabo,Rutunga,Tomato,Mango,Avocado,Potato,Cabbage
Kicukiro,Gahanga,Tomato,Mango,Cabbage,Avocado,Beans
Kicukiro,Gatenga,Tomato,Mango,Avocado,Cabbage,Beans
Kicukiro,Gikondo,Tomato,Avocado,Mango,Coffee,Cabbage
Kicukiro,Kagarama,Coffee,Tomato,Avocado,Mango,Potato
Kicukiro,Kanombe,Coffee,Tomato,Avocado,Mango,Cabbage
Kicukiro,Kicukiro,Coffee,Tomato,Avocado,Mango,Potato
Kicukiro,Kigarama,Coffee,Tomato,Avocado,Mango,Potato
Kicukiro,Masaka,Coffee,Tomato,Avocado,Mango,Potato
Kicukiro,Niboye,Coffee,Tomato,Avocado,Mango,Potato
Kicukiro,Nyarugunga,Tomato,Mango,Cabbage,Avocado,Tea
Nyanza,Busasamana,Tomato,Avocado,Mango,Cabbage,Tea
Nyanza,Busoro,Tomato,Avocado,Mango,Cabbage,Tea
Nyanza,Cyabakamyi,Tomato,Mango,Tea,Cabbage,Coffee
Nyanza,Kibilizi,Tomato,Avocado,Mango,Cabbage,Bell peppers
Nyanza,Kigoma,Coffee,Tomato,Avocado,Potato,Mango
Nyanza,Mukingo,Onion dry,Tomato,Mango,Maize,Cabbage
Nyanza,Muyira,Coffee,Tomato,Avocado,Potato,Mango
Nyanza,Ntyazo,Coffee,Tomato,Avocado,Mango,Potato
Nyanza,Nyagisozi,Tomato,Mango,Tea,Cabbage,Avocado
Nyanza,Rwabicuma,Tomato,Mango,Cabbage,Tea,Avocado
Gisagara,Gikonko,Tomato,Avocado,Mango,Cabbage,Onion dry
Gisagara,Gishubi,Tomato,Avocado,Mango,Cabbage,Squash
Gisagara,Kansi,Tomato,Mango,Cabbage,Tea,Avocado
Gisagara,Kibirizi,Tomato,Mango,Cabbage,Tea,Avocado
Gisagara,Kigembe,Tomato,Mango,Cabbage,Tea,Avocado
Gisagara,Mamba,Tomato,Mango,Avocado,Cabbage,Squash
Gisagara,Muganza,Coffee,Tomato,Avocado,Mango,Cabbage
Gisagara,Mugombwa,Coffee,Tomato,Avocado,Mango,Cabbage
Gisagara,Mukindo,Tomato,Mango,Cabbage,Avocado,Tea
Gisagara,Musha,Tomato,Mango,Cabbage,Tea,Avocado
Gisagara,Ndora,Tomato,Mango,Tea,Cabbage,Avocado
Gisagara,Nyanza,Tomato,Mango,Tea,Cabbage,Avocado
Gisagara,Save,Tomato,Avocado,Mango,Watermelon,Tea
Nyaruguru,Busanze,Tomato,Avocado,Mango,Tea,Potato
Nyaruguru,Cyahinda,Tomato,Mango,Tea,Cabbage,Avocado
Nyaruguru,Kibeho,Tomato,Mango,Tea,Cabbage,Avocado
Nyaruguru,Mata,Tomato,Mango,Tea,Cabbage,Avocado
Nyaruguru,Muganza,Tomato,Mango,Tea,Cabbage,Avocado
Nyaruguru,Munini,Tomato,Mango,Cabbage,Avocado,Tea
Nyaruguru,Ngera,Tomato,Mango,Tea,Cabbage,Avocado
Nyaruguru,Ngoma,Tomato,Mango,Tea,Cabbage,Coffee
Nyaruguru,Nyabimata,Tomato,Mango,Tea,Cabbage,Avocado
Nyaruguru,Nyagisozi,Tomato,Mango,Tea,Cabbage,Avocado
Nyaruguru,Ruheru,Tomato,Mango,Tea,Cabbage,Avocado
Nyaruguru,Ruramba,Tomato,Mango,Tea,Cabbage,Avocado
Nyaruguru,Rusenge,Tomato,Mango,Tea,Cabbage,Avocado
Huye,Gishamvu,Tomato,Mango,Tea,Cabbage,Coffee
Huye,Huye,Tomato,Mango,Tea,Cabbage,Avocado
Huye,Karama,Tomato,Mango,Tea,Cabbage,Avocado
Huye,Kigoma,Maize,Tomato,Mango,Cabbage,French beans
Huye,Kinazi,Maize,Tomato,Mango,Cabbage,French beans
Huye,Maraba,Onion dry,Tomato,Mango,Maize,Cabbage
Huye,Mbazi,Tomato,Mango,Cabbage,Tea,Coffee
Huye,Mukura,Tomato,Mango,Cabbage,Tea,Avocado
Huye,Ngoma,Tomato,Mango,Tea,Cabbage,Avocado
Huye,Ruhashya,Coffee,Tomato,Avocado,Mango,Cabbage
Huye,Rusatira,Tomato,Mango,Tea,Cabbage,Avocado
Huye,Rwaniro,Tomato,Mango,Cabbage,Tea,Avocado
Huye,Simbi,Tomato,Mango,Tea,Cabbage,Avocado
Huye,Tumba,Tomato,Avocado,Mango,Coffee,Potato
Nyamagabe,Buruhukiro,Tomato,Avocado,Mango,Coffee,Cabbage
Nyamagabe,Cyanika,Tomato,Avocado,Mango,Cabbage,Squash
Nyamagabe,Gasaka,Tomato,Mango,Tea,Cabbage,Avocado
Nyamagabe,Gatare,Tomato,Avocado,Mango,Tea,Cabbage
Nyamagabe,Kaduha,Tomato,Mango,Tea,Cabbage,Avocado
Nyamagabe,Kamegeri,Tomato,Mango,Tea,Cabbage,Avocado
Nyamagabe,Kibirizi,Tomato,Mango,Tea,Cabbage,Avocado
Nyamagabe,Kibumbwe,Tomato,Mango,Tea,Cabbage,Avocado
Nyamagabe,Kitabi,Tomato,Mango,Tea,Cabbage,Avocado
Nyamagabe,Mbazi,Tomato,Mango,Tea,Cabbage,Avocado
Nyamagabe,Mugano,Tomato,Mango,Tea,Cabbage,Avocado
Nyamagabe,Musange,Tomato,Mango,Tea,Cabbage,Avocado
Nyamagabe,Musebeya,Tomato,Mango,Tea,Cabbage,Avocado
Nyamagabe,Mushubi,Tomato,Mango,Tea,Cabbage,Avocado
Nyamagabe,Tare,Tomato,Mango,Tea,Cabbage,Avocado
Nyamagabe,Uwinkingi,Tomato,Mango,Tea,Cabbage,Avocado
Ruhango,Bweramana,Tomato,Mango,Tea,Cabbage,Avocado
Ruhango,Byimana,Tomato,Mango,Tea,Cabbage,Avocado
Ruhango,Kabagali,Tomato,Mango,Tea,Cabbage,Avocado
Ruhango,Kinazi,Tomato,Mango,Cabbage,Avocado,Tea
Ruhango,Kinihira,Tomato,Avocado,Mango,Tea,Cabbage
Ruhango,Mbuye,Onion dry,Tomato,Mango,Maize,Cabbage
Ruhango,Mwendo,Tomato,Mango,Tea,Cabbage,Avocado
Ruhango,Ntongwe,Onion dry,Tomato,Mango,Maize,Cabbage
Ruhango,Ruhango,Tomato,Mango,Cabbage,Tea,Avocado
Muhanga,Cyeza,Onion dry,Tomato,Mango,Maize,Cabbage
Muhanga,Kabacuzi,Tomato,Mango,Cabbage,Avocado,Squash
Muhanga,Kibangu,Tomato,Mango,Cabbage,Tea,Avocado
Muhanga,Kiyumba,Tomato,Mango,Tea,Cabbage,Avocado
Muhanga,Muhanga,Tomato,Mango,Tea,Cabbage,Avocado
Muhanga,Mushishiro,Tomato,Mango,Tea,Cabbage,Avocado
Muhanga,Nyabinoni,Tomato,Mango,Tea,Cabbage,Avocado
Muhanga,Nyamabuye,Tomato,Mango,Tea,Cabbage,Avocado
Muhanga,Nyarusange,Tomato,Mango,Tea,Cabbage,Avocado
Muhanga,Rongi,Onion dry,Tomato,Mango,Maize,Cabbage
Muhanga,Rugendabari,Onion dry,Tomato,Mango,Maize,Cabbage
Muhanga,Shyogwe,Tomato,Mango,Cabbage,Tea,Avocado
Kamonyi,Gacurabwenge,Onion dry,Tomato,Mango,Maize,Cabbage
Kamonyi,Karama,Tomato,Mango,Coffee,Cabbage,Avocado
Kamonyi,Kayenzi,Tomato,Mango,Cabbage,Avocado,Tea
Kamonyi,Kayumbu,Onion dry,Tomato,Mango,Maize,Cabbage
Kamonyi,Mugina,Tomato,Mango,Avocado,Cabbage,Tea
Kamonyi,Musambira,Onion dry,Tomato,Mango,Maize,Cabbage
Kamonyi,Ngamba,Onion dry,Tomato,Mango,Maize,Cabbage
Kamonyi,Nyamiyaga,Onion dry,Tomato,Mango,Maize,Cabbage
Kamonyi,Nyarubaka,Tomato,Mango,Cabbage,Tea,Avocado
Kamonyi,Rugarika,Tomato,Mango,Cabbage,Avocado,Onion dry
Kamonyi,Rukoma,Onion dry,Tomato,Mango,Maize,Cabbage
Kamonyi,Runda,Onion dry,Tomato,Mango,Maize,Cabbage
Karongi,Bwishyura,Onion dry,Tomato,Mango,Maize,Cabbage
Karongi,Gashari,Tomato,Mango,Tea,Cabbage,Avocado
Karongi,Gitesi,Tomato,Mango,Tea,Cabbage,Avocado
Karongi,Mubuga,Tomato,Mango,Coffee,Avocado,Squash
Karongi,Murambi,Coffee,Tomato,Avocado,Mango,Cabbage
Karongi,Murundi,Tomato,Mango,Tea,Cabbage,Coffee
Karongi,Mutuntu,Onion dry,Tomato,Mango,Maize,Cabbage
Karongi,Rubengera,Tomato,Mango,Tea,Cabbage,Avocado
Karongi,Rugabano,Onion dry,Eggplant,Tomato,Mango,Maize
Karongi,Ruganda,Tomato,Mango,Avocado,Cabbage,Squash
Karongi,Rwankuba,Tomato,Mango,Tea,Cabbage,Avocado
Karongi,Twumba,Eggplant,Avocado,Mango,Tomato,Watermelon
Rutsiro,Gihango,Tomato,Mango,Tea,Cabbage,Avocado
Rutsiro,Manihira,Tomato,Mango,Cabbage,Tea,Avocado
Rutsiro,Mukura,Tomato,Mango,Coffee,Cabbage,Avocado
Rutsiro,Murunda,Tomato,Mango,Cabbage,Tea,Avocado
Rutsiro,Mushonyi,Tomato,Mango,Cabbage,Tea,Avocado
Rutsiro,Mushubati,Tomato,Mango,Cabbage,Tea,Avocado
Rutsiro,Nyabirasi,Onion dry,Tomato,Mango,Maize,Cabbage
Rutsiro,Ruhango,Onion dry,Tomato,Mango,Maize,Cabbage
Rutsiro,Rusebeya,Tomato,Mango,Cabbage,Tea,Avocado
Rubavu,Bugeshi,Tomato,Mango,Cabbage,Tea,Avocado
Rubavu,Busasamana,Onion dry,Tomato,Mango,Maize,Cabbage
Rubavu,Cyanzarwe,Tomato,Mango,Tea,Cabbage,Coffee
Rubavu,Gisenyi,Maize,Tomato,Mango,Cabbage,French beans
Rubavu,Kanama,Onion dry,Tomato,Mango,Maize,Cabbage
Rubavu,Kanzenze,Eggplant,Avocado,Mango,Watermelon,Bell peppers
Rubavu,Mudende,Tomato,Mango,Avocado,Cabbage,Squash
Rubavu,Nyakiriba,Tomato,Mango,Tea,Cabbage,Avocado
Rubavu,Nyundo,Tomato,Mango,Avocado,Cabbage,Tea
Rubavu,Rubavu,Tomato,Mango,Tea,Cabbage,Avocado
Rubavu,Rugerero,Tomato,Mango,Cabbage,Avocado,Squash
Nyabihu,Bigogwe,Onion dry,Tomato,Mango,Maize,Cabbage
Nyabihu,Jenda,Onion dry,Tomato,Mango,Maize,Tea
Nyabihu,Jomba,Onion dry,Tomato,Mango,Maize,French beans
Nyabihu,Kabatwa,Onion dry,Tomato,Mango,Maize,Cabbage
Nyabihu,Karago,Onion dry,Tomato,Mango,Maize,Cabbage
Nyabihu,Kintobo,Onion dry,Tomato,Mango,Maize,Cabbage
Nyabihu,Mukamira,Onion dry,Tomato,Mango,Maize,Cabbage
Nyabihu,Muringa,Onion dry,Tomato,Mango,Maize,Cabbage
Nyabihu,Rambura,Onion dry,Tomato,Mango,Maize,Cabbage
Nyabihu,Rugera,Onion dry,Tomato,Mango,Maize,French beans
Nyabihu,Rurembo,Onion dry,Tomato,Mango,Maize,French beans
Nyabihu,Shyira,Maize,Tomato,Mango,Cabbage,French beans
Ngororero,Bwira,Tomato,Mango,Coffee,Cabbage,Tea
Ngororero,Gatumba,Onion dry,Tomato,Mango,Maize,Cabbage
Ngororero,Hindiro,Onion dry,Tomato,Mango,Maize,Cabbage
Ngororero,Kabaya,Tomato,Mango,Cabbage,Tea,Avocado
Ngororero,Kageyo,Tomato,Mango,Cabbage,Tea,Avocado
Ngororero,Kavumu,Tomato,Mango,Cabbage,Avocado,Tea
Ngororero,Matyazo,Tomato,Mango,Cabbage,Tea,Avocado
Ngororero,Muhanda,Onion dry,Tomato,Mango,Maize,Cabbage
Ngororero,Muhororo,Tomato,Mango,Cabbage,Tea,Avocado
Ngororero,Ndaro,Tomato,Mango,Cabbage,Tea,Avocado
Ngororero,Ngororero,Onion dry,Tomato,Mango,Maize,French beans
Ngororero,Nyange,Onion dry,Tomato,Mango,Maize,Cabbage
Ngororero,Sovu,Onion dry,Tomato,Mango,Maize,Cabbage
Rusizi,Bugarama,Tomato,Mango,Avocado,Squash,Cabbage
Rusizi,Gashonga,Onion dry,Tomato,Mango,Maize,French beans
Rusizi,Giheke,Tomato,Mango,Tea,Cabbage,Avocado
Rusizi,Gihundwe,Tomato,Mango,Cabbage,Avocado,Tea
Rusizi,Gikundamvura,Onion dry,Tomato,Mango,Maize,Avocado
Rusizi,Gitambi,Tomato,Mango,Avocado,Cabbage,Onion dry
Rusizi,Kamembe,Onion dry,Tomato,Mango,Maize,French beans
Rusizi,Muganza,Onion dry,Tomato,Mango,Maize,Avocado
Rusizi,Mururu,Tomato,Mango,Cabbage,Tea,Avocado
Rusizi,Nkanka,Onion dry,Tomato,Mango,Maize,French beans
Rusizi,Nkombo,Tomato,Mango,Cabbage,Tea,Squash
Rusizi,Nkungu,Tomato,Mango,Cabbage,Tea,Avocado
Rusizi,Nyakabuye,Tomato,Mango,Avocado,Cabbage,Squash
Rusizi,Nyakarenzo,Tomato,Mango,Cabbage,Tea,Avocado
Rusizi,Nzahaha,Tomato,Mango,Cabbage,Squash,Tea
Nyamasheke,Bushekeri,Onion dry,Tomato,Mango,Maize,Cabbage
Nyamasheke,Bushenge,Tomato,Mango,Cabbage,Avocado,Squash
Nyamasheke,Cyato,Tomato,Mango,Cabbage,Tea,Avocado
Nyamasheke,Gihombo,Tomato,Mango,Cabbage,Avocado,Squash
Nyamasheke,Kagano,Onion dry,Tomato,Mango,Maize,Cabbage
Nyamasheke,Kanjongo,Tomato,Mango,Cabbage,Avocado,Tea
Nyamasheke,Karambi,Onion dry,Tomato,Mango,Maize,French beans
Nyamasheke,Karengera,Tomato,Mango,Cabbage,Tea,Avocado
Nyamasheke,Kirimbi,Tomato,Mango,Tea,Cabbage,Avocado
Nyamasheke,Macuba,Tomato,Mango,Cabbage,Tea,Avocado
Nyamasheke,Mahembe,Tomato,Mango,Tea,Cabbage,Avocado
Nyamasheke,Nyabitekeri,Tomato,Mango,Cabbage,Tea,Avocado
Nyamasheke,Ruharambuga,Tomato,Coffee,Mango,Avocado,Squash
Nyamasheke,Shangi,Coffee,Tomato,Avocado,Mango,Cabbage
Rulindo,Base,Tomato,Coffee,Mango,Cabbage,Avocado
Rulindo,Burega,Tomato,Mango,Tea,Cabbage,Avocado
Rulindo,Bushoki,Tomato,Mango,Tea,Cabbage,Avocado
Rulindo,Buyoga,Tomato,Mango,Tea,Cabbage,Avocado
Rulindo,Cyinzuzi,Onion dry,Tomato,Mango,Maize,French beans
Rulindo,Cyungo,Tomato,Mango,Tea,Cabbage,Avocado
Rulindo,Kinihira,Onion dry,Tomato,Mango,Maize,French beans
Rulindo,Kisaro,Onion dry,Tomato,Mango,Maize,French beans
Rulindo,Masoro,Onion dry,Mango,Maize,French beans,Cabbage
Rulindo,Mbogo,Onion dry,Tomato,Mango,Maize,French beans
Rulindo,Murambi,Maize,Tomato,Mango,French beans,Cabbage
Rulindo,Ngoma,Onion dry,Tomato,Mango,Maize,French beans
Rulindo,Ntarabana,Onion dry,Tomato,Mango,Maize,Tea
Rulindo,Rukozo,Tomato,Mango,Tea,Cabbage,Avocado
Rulindo,Rusiga,Onion dry,Tomato,Mango,Maize,French beans
Rulindo,Shyrongi,Onion dry,Tomato,Mango,Maize,Cabbage
Rulindo,Tumba,Onion dry,Tomato,Mango,Maize,French beans
Gakenke,Busengo,Onion dry,Tomato,Mango,Maize,French beans
Gakenke,Coko,Onion dry,Tomato,Mango,Maize,French beans
Gakenke,Cyabingo,Tomato,Coffee,Mango,Avocado,Squash
Gakenke,Gakenke,Tomato,Mango,Coffee,Cabbage,Avocado
Gakenke,Gashenyi,Tomato,Mango,Coffee,Cabbage,Avocado
Gakenke,Janja,Tomato,Avocado,Coffee,Mango,Squash
Gakenke,Karambo,Tomato,Mango,Cabbage,Tea,Squash
Gakenke,Kivuruga,Tomato,Mango,Cabbage,Tea,Squash
Gakenke,Mataba,Tomato,Mango,Squash,Cabbage,Beans
Gakenke,Minazi,Tomato,Coffee,Mango,Avocado,Squash
Gakenke,Mugunga,Onion dry,Tomato,Mango,Maize,French beans
Gakenke,Muhondo,Onion dry,Tomato,Mango,Maize,Cabbage
Gakenke,Muyongwe,Onion dry,Tomato,Mango,Maize,French beans
Gakenke,Muzo,Tomato,Mango,Squash,Cabbage,Beans
Gakenke,Nemba,Onion dry,Tomato,Mango,Maize,Squash
Gakenke,Ruli,Tomato,Mango,Coffee,Avocado,Cabbage
Gakenke,Rusasa,Tomato,Mango,Cabbage,Coffee,Avocado
Gakenke,Rushashi,Onion dry,Mango,Maize,French beans,Squash
Musanze,Busogo,Onion dry,Tomato,Mango,Maize,Cabbage
Musanze,Cyuve,Tomato,Mango,Cabbage,Tea,Avocado
Musanze,Gacaca,Onion dry,Tomato,Mango,Maize,Cabbage
Musanze,Gashaki,Onion dry,Tomato,Mango,Maize,French beans
Musanze,Kimonyi,Tomato,Mango,Cabbage,Tea,Squash
Musanze,Kinigi,Onion dry,Tomato,Mango,Maize,French beans
Musanze,Muhoza,Onion dry,Tomato,Mango,Maize,French beans
Musanze,Muko,Maize,Tomato,Mango,French beans,Cabbage
Musanze,Musanze,Onion dry,Tomato,Mango,Maize,French beans
Musanze,Nkotsi,Tomato,Mango,Cabbage,Tea,Squash
Musanze,Nyange,Onion dry,Mango,Maize,Cabbage,French beans
Musanze,Remera,Onion dry,Tomato,Mango,Maize,French beans
Musanze,Rwaza,Onion dry,Tomato,Mango,Maize,French beans
Burera,Bungwe,Onion dry,Tomato,Mango,Maize,French beans
Burera,Butaro,Onion dry,Tomato,Mango,Maize,Cabbage
Burera,Cyanika,Onion dry,Tomato,Mango,Maize,French beans
Burera,Cyeru,Onion dry,Tomato,Mango,Maize,French beans
Burera,Gahunga,Onion dry,Tomato,Mango,Maize,French beans
Burera,Gatebe,Tomato,Mango,Squash,Cabbage,Beans
Burera,Gitovu,Onion dry,Tomato,Mango,Maize,French beans
Burera,Kagogo,Onion dry,Tomato,Mango,Maize,French beans
Burera,Kinoni,Onion dry,Tomato,Mango,Maize,Cabbage
Burera,Kinyababa,Tomato,Mango,Tea,Cabbage,Onion dry
Burera,Kivuye,Tomato,Mango,Cabbage,Tea,Squash
Burera,Nemba,Onion dry,Tomato,Mango,Maize,French beans
Burera,Rugarama,Tomato,Mango,Tea,Cabbage,Onion dry
Burera,Rugengabari,Tomato,Mango,Cabbage,Squash,Tea
Burera,Ruhunde,Onion dry,Tomato,Mango,Maize,French beans
Burera,Rusarabuye,Onion dry,Tomato,Mango,Maize,French beans
Burera,Rwerere,Maize,Tomato,Mango,Avocado,French beans
Gicumbi,Bukure,Onion dry,Tomato,Mango,Maize,Cabbage
Gicumbi,Bwisige,Onion dry,Tomato,Mango,Coffee,Maize
Gicumbi,Byumba,Onion dry,Tomato,Mango,Maize,French beans
Gicumbi,Cyumba,Onion dry,Tomato,Mango,Maize,French beans
Gicumbi,Giti,Onion dry,Tomato,Mango,Maize,French beans
Gicumbi,Kageyo,Onion dry,Tomato,Mango,Maize,French beans
Gicumbi,Kaniga,Onion dry,Tomato,Mango,Maize,French beans
Gicumbi,Manyagiro,Tomato,Mango,Squash,Cabbage,Beans
Gicumbi,Miyove,Tomato,Mango,Squash,Cabbage,Beans
Gicumbi,Mukarange,Onion dry,Tomato,Mango,Maize,French beans
Gicumbi,Muko,Onion dry,Tomato,Mango,Maize,French beans
Gicumbi,Mutete,Onion dry,Tomato,Mango,Maize,French beans
Gicumbi,Nyamiyaga,Tomato,Mango,Coffee,Avocado,Squash
Gicumbi,Nyankenke,Onion dry,Tomato,Mango,Maize,French beans
Gicumbi,Rubaya,Onion dry,Tomato,Mango,Maize,Cabbage
Gicumbi,Rukomo,Onion dry,Tomato,Mango,Maize,Cabbage
Gicumbi,Rushaki,Onion dry,Tomato,Mango,Maize,Cabbage
Gicumbi,Rutare,Onion dry,Tomato,Mango,Maize,Squash
Gicumbi,Ruvune,Onion dry,Mango,Maize,French beans,Squash
Gicumbi,Rwamiko,Onion dry,Tomato,Mango,Maize,French beans
Gicumbi,Shangasha,Onion dry,Tomato,Mango,Maize,French beans
Rwamagana,Fumbwe,Onion dry,Tomato,Mango,Maize,Coffee
Rwamagana,Gahengeri,Onion dry,Tomato,Mango,Maize,Cabbage
Rwamagana,Gishali,Onion dry,Tomato,Mango,Maize,Cabbage
Rwamagana,Karenge,Onion dry,Tomato,Mango,Maize,French beans
Rwamagana,Kigabiro,Onion dry,Tomato,Mango,Maize,Cabbage
Rwamagana,Muhazi,Onion dry,Tomato,Mango,Maize,French beans
Rwamagana,Munyaga,Onion dry,Tomato,Mango,Maize,Cabbage
Rwamagana,Munyiginya,Onion dry,Tomato,Mango,Maize,French beans
Rwamagana,Musha,Onion dry,Tomato,Mango,Maize,French beans
Rwamagana,Muyumbu,Onion dry,Tomato,Mango,Maize,French beans
Rwamagana,Mwulire,Onion dry,Tomato,Mango,Maize,Cabbage
Rwamagana,Nyakaliro,Onion dry,Tomato,Mango,Maize,French beans
Rwamagana,Nzige,Onion dry,Tomato,Mango,Maize,French beans
Rwamagana,Rubona,Onion dry,Tomato,Mango,Maize,French beans
Nyagatare,Gatunda,Onion dry,Tomato,Mango,Maize,French beans
Nyagatare,Karama,Tomato,Mango,Squash,Cabbage,Beans
Nyagatare,Karangazi,Onion dry,Tomato,Mango,Maize,French beans
Nyagatare,Katabagemu,Onion dry,Tomato,Mango,Maize,French beans
Nyagatare,Kiyombe,Onion dry,Tomato,Mango,Maize,French beans
Nyagatare,Matimba,Onion dry,Tomato,Mango,Maize,French beans
Nyagatare,Mimuri,Onion dry,Tomato,Mango,Maize,French beans
Nyagatare,Mukama,Onion dry,Tomato,Mango,Maize,Cabbage
Nyagatare,Musheri,Onion dry,Tomato,Mango,Maize,Avocado
Nyagatare,Nyagatare,Onion dry,Tomato,Mango,Maize,Cabbage
Nyagatare,Rukomo,Onion dry,Tomato,Mango,Maize,Cabbage
Nyagatare,Rwempasha,Onion dry,Tomato,Mango,Maize,Cabbage
Nyagatare,Rwimiyaga,Onion dry,Tomato,Mango,Maize,Cabbage
Nyagatare,Tabagwe,Onion dry,Tomato,Mango,Maize,French beans
Gatsibo,Gasange,Onion dry,Tomato,Mango,Maize,French beans
Gatsibo,Gatsibo,Onion dry,Tomato,Mango,Maize,Cabbage
Gatsibo,Gitoki,Onion dry,Tomato,Mango,Maize,French beans
Gatsibo,Kabarore,Tomato,Mango,Cabbage,Squash,Beans
Gatsibo,Kageyo,Onion dry,Tomato,Mango,Maize,Cabbage
Gatsibo,Kiramuruzi,Tomato,Mango,Cabbage,Squash,Beans
Gatsibo,Kiziguro,Tomato,Mango,Cabbage,Squash,Beans
Gatsibo,Muhura,Onion dry,Tomato,Mango,Maize,French beans
Gatsibo,Murambi,Onion dry,Tomato,Mango,Maize,French beans
Gatsibo,Ngarama,Onion dry,Tomato,Mango,Maize,French beans
Gatsibo,Nyagihanga,Tomato,Mango,Coffee,Cabbage,Avocado
Gatsibo,Remera,Onion dry,Tomato,Mango,Maize,French beans
Gatsibo,Rugarama,Tomato,Mango,Cabbage,Avocado,Squash
Gatsibo,Rwimbogo,Tomato,Mango,Coffee,Avocado,Cabbage
Kayonza,Gahini,Onion dry,Tomato,Mango,Maize,Cabbage
Kayonza,Kabare,Onion dry,Tomato,Mango,Maize,Cabbage
Kayonza,Kabarondo,Onion dry,Tomato,Mango,Maize,French beans
Kayonza,Mukarange,Onion dry,Tomato,Mango,Maize,French beans
Kayonza,Murama,Onion dry,Tomato,Mango,Maize,Cabbage
Kayonza,Murundi,Onion dry,Tomato,Mango,Maize,Cabbage
Kayonza,Ndego,Tomato,Mango,Squash,Cabbage,Beans
Kayonza,Nyamirama,Onion dry,Tomato,Mango,Maize,French beans
Kayonza,Rukara,Onion dry,Tomato,Mango,Maize,Cabbage
Kayonza,Ruramira,Onion dry,Tomato,Mango,Maize,Cabbage
Kayonza,Rwinkwavu,Onion dry,Tomato,Mango,Maize,French beans
Kirehe,Gahara,Onion dry,Tomato,Mango,Maize,French beans
Kirehe,Gatore,Onion dry,Tomato,Mango,Maize,Cabbage
Kirehe,Kigarama,Onion dry,Tomato,Mango,Maize,Cabbage
Kirehe,Kigina,Onion dry,Tomato,Mango,Maize,French beans
Kirehe,Kirehe,Onion dry,Tomato,Mango,Maize,Cabbage
Kirehe,Mahama,Onion dry,Tomato,Mango,Maize,French beans
Kirehe,Mpanga,Tomato,Mango,Cabbage,Squash,Beans
Kirehe,Musaza,Onion dry,Tomato,Mango,Maize,French beans
Kirehe,Mushikiri,Onion dry,Tomato,Mango,Maize,Cabbage
Kirehe,Nasho,Onion dry,Tomato,Mango,Maize,French beans
Kirehe,Nyamugari,Onion dry,Tomato,Mango,Maize,French beans
Kirehe,Nyarubuye,Onion dry,Tomato,Mango,Maize,Cabbage
Ngoma,Gashanda,Onion dry,Tomato,Mango,Maize,Avocado
Ngoma,Jarama,Tomato,Mango,Cabbage,Squash,Beans
Ngoma,Karembo,Onion dry,Tomato,Mango,Maize,French beans
Ngoma,Kazo,Tomato,Mango,Cabbage,Squash,Beans
Ngoma,Kibungo,Onion dry,Tomato,Mango,Maize,French beans
Ngoma,Mugesera,Onion dry,Tomato,Mango,Maize,French beans
Ngoma,Murama,Onion dry,Tomato,Mango,Maize,Cabbage
Ngoma,Mutenderi,Onion dry,Tomato,Mango,Maize,French beans
Ngoma,Remera,Onion dry,Tomato,Mango,Maize,French beans
Ngoma,Rukira,Onion dry,Tomato,Mango,Maize,French beans
Ngoma,Rukumberi,Onion dry,Tomato,Mango,Maize,French beans
Ngoma,Rurenge,Onion dry,Tomato,Mango,Maize,Avocado
Ngoma,Sake,Onion dry,Tomato,Mango,Maize,French beans
Ngoma,Zaza,Onion dry,Tomato,Mango,Maize,Cabbage
Bugesera,Gashora,Onion dry,Tomato,Mango,Maize,Cabbage
Bugesera,Juru,Onion dry,Tomato,Mango,Maize,Cabbage
Bugesera,Kamabuye,Onion dry,Tomato,Mango,Maize,Cabbage
Bugesera,Mareba,Tomato,Mango,Squash,Cabbage,Beans
Bugesera,Mayange,Onion dry,Tomato,Mango,Maize,French beans
Bugesera,Musenyi,Onion dry,Tomato,Mango,Maize,Cabbage
Bugesera,Mwogo,Onion dry,Tomato,Mango,Maize,Squash
Bugesera,Ngeruka,Onion dry,Tomato,Mango,Maize,Squash
Bugesera,Ntarama,Onion dry,Tomato,Mango,Maize,Squash
Bugesera,Nyamata,Onion dry,Tomato,Mango,Maize,Cabbage
Bugesera,Nyarugenge,Onion dry,Tomato,Mango,Maize,French beans
Bugesera,Rilima,Onion dry,Tomato,Mango,Maize,French beans
Bugesera,Ruhuha,Onion dry,Tomato,Mango,Maize,French beans
Bugesera,Rweru,Onion dry,Tomato,Mango,Maize,French beans
Bugesera,Shyara,Onion dry,Maize,Tomato,Mango,Cabbage
